<?xml version="1.0" encoding="utf-8"?>
<ModIdsToFix>
  <!-- UN-Colony [1.2] -->
  <li>Sadjuuk.UNColony</li>
  <!-- Outdoor Lighting -->
  <li>stormknight.outdoorlighting</li>
  <!-- Prosthetic No Missing Body Parts -->
  <li>com.prostheticnomissingbodyparts.rimworld.mod</li>
  <!-- Meditate As Work Type -->
  <li>maarx.meditateasworktype</li>
  <!-- Synthmeat -->
  <li>nuke.Synthmeat</li>
  <!-- [1.2] Grenade Fix - Rearmed -->
  <!-- ClutterDoors -->
  <li>ruyan.doors</li>
  <!-- Pawns Just Don't Die -->
  <li>explodoboy.NoFatalThreshold</li>
  <!-- [FSF] Improved Ship Reactors -->
  <li>FrozenSnowFox.ImprovedShipReactors</li>
  <!-- Ceiling Lights: Vanilla Edition -->
  <li>neceros.ceilinglightsvanillaedition</li>
  <!-- Give Me Meat -->
  <li>neceros.givememeat</li>
  <!-- VFE Farming - Dubs Bad Hygiene -->
  <li>Oreno.VFEFarming.DubsBadHygiene</li>
  <!-- Recon & Marine Helmet Visor (abandoned) -->
  <li>Crudbone.ReconRetexture</li>
  <!-- You've Never Eaten Without a Table -->
  <li>crlsniper.atewithouttable</li>
  <!-- Tribal Jewelry -->
  <li>TheLamb.tribaljewelry</li>
  <!-- Exotic Arsenal -->
  <li>xedos.arsenalexotic</li>
  <!-- Vanilla Parka Retexture (VAE) (abandoned) -->
  <li>Crudbone.ParkaRetexture</li>
  <!-- Japanese Dogs -->
  <li>Poetik.JapaneseDogs</li>
  <!-- Synthetic Animals -->
  <li>rayjay.SyntheticAnimals</li>
  <!-- Vanilla Plants Expanded : All Trees All Biomes Optional Patch -->
  <li>be37.VPE.ATABP</li>
  <!-- Fire Treated Wood -->
  <li>neceros.firetreatedwood</li>
  <!-- Wean's World - Generate Children -->
  <li>Persephone.WeansWorldAlt</li>
  <!-- Realistic Starvation -->
  <li>Duncan.RealisticStarvation.1.1</li>
  <!-- Giant Trees -->
  <li>Nekomancer.GiantTrees</li>
  <!-- More Trade Ships -->
  <li>PinoChemicali.MoreTradeShips</li>
  <!-- Gloomy Extra - Kitchen -->
  <li>Semo583.GloomyHExtraHUHKitchen</li>
  <!-- Stop Insulting Us! -->
  <li>neceros.stopinsultingus</li>
  <!-- Vee Hairs -->
  <li>Lat.VeeHair</li>
  <!-- Corners -->
  <li>azomittle.corners</li>
  <!-- Android Tiers + Vanilla Expanded Medical -->
  <li>neceros.ATVFEM</li>
  <!-- Mending Medieval -->
  <li>bishop.mendingmedieval</li>
  <!-- Meat Packages -->
  <li>PatchesIX.MeatPackages</li>
  <!-- Ambrosial Longevity -->
  <li>dninemfive.ambrosiallongevity</li>
  <!-- VFES reinforced embrasure -->
  <li>y1nalin.vfesreinforcedembrasure</li>
  <!-- Baby muffalo is Muffalump -->
  <li>Baby.Muffalump</li>
  <!-- Weapon Artwork Removal -->
  <li>Bar0th.WAR</li>
  <!-- Archotech Expanded Prosthetics Lite -->
  <li>Teok25.ArchotechExpanded.Prosthetics.Lite</li>
  <!-- Invisible Conduit -->
  <li>zzz.invisibleconduit</li>
  <!-- Dryxsteel -->
  <li>Barky.Dryxsteel</li>
  <!-- Ultraweave -->
  <li>Barky.Ultraweave</li>
  <!-- Over-Wall AC Unit from Vanilla Furniture Expanded -->
  <li>ChewyYui.VFEOverwallAC</li>
  <!-- Letter Reorderer -->
  <li>legodude17.letterreorder</li>
  <!-- Vanilla RT Solar Flare Shield Retexture -->
  <li>Phoenix.VanillaSolarSheild</li>
  <!-- Amrita - Age Reversing Serum -->
  <li>y1nalin.amrita</li>
  <!-- Rim of Madness - Bones Enchantment -->
  <li>supercollidingsuperbutton.anotherbone</li>
  <!-- Android Tiers Unfeeling Patch -->
  <li>neceros.androidtiers.unfeelingpatch</li>
  <!-- Close Cryptos -->
  <li>neceros.closecryptos</li>
  <!-- Thinking Spot -->
  <li>PartyCowboy.ThinkingSpot</li>
  <!-- Subtle variations for RimThemes -->
  <li>JcDentonQ.SubtleVariations</li>
  <!-- Add Terraforming -->
  <li>rayjay.AddTerraforming</li>
  <!-- [LB] Vanilla Armors Retexture -->
  <li>Lelbaro.VanillaArmorsRetexture.LBVAR</li>
  <!-- [LB] Vanilla Weapons Retexture -->
  <li>Lelbaro.VanillaWeaponsRetexture.LBVWR</li>
  <!-- [LB] SectorVII -->
  <li>Lelbaro.SectorVII.LBSC7</li>
  <!-- Persona Cryptech -->
  <li>hamster.personacryptech</li>
  <!-- The Abyss Above [Drugs] -->
  <li>TheKingInYellow.TheAbyssAboveDrugs</li>
  <!-- Rimtroid -->
  <li>Vertigo.Rimtroid_copy</li>
  <!-- Growable Neutroamine -->
  <li>neceros.growableneutroamine</li>
  <!-- LongRangePodLauncher -->
  <li>hatti.longrangepodlauncher</li>
  <!-- Better T-Shirt Textures -->
  <li>Crudbone.BetterTShirts</li>
  <!-- Darkest Rim: Core -->
  <li>deon.darkestrim</li>
  <!-- Resource Replicator [1.0->1.2] -->
  <li>RusticFox.ChickenPlucker.RR</li>
  <!-- Where Are Your Shoes? (Vanilla Apparel Expanded) -->
  <li>Crudbone.WAYS</li>
  <!-- [1.2,1.1,1.0] Girl's Frontline: Sangvis Ferri Weapons -->
  <!-- no disturbed sleep -->
  <li>crlsniper.nodisturbedsleep</li>
  <!-- Bless the Devilstrand -->
  <li>daylight.BlessDevilSt</li>
  <!-- Without Steam -->
  <li>scuba156.withoutsteam</li>
  <!-- BetterNutrientPasteDispenserControls -->
  <li>maarx.betternutrientpastedispensercontrols</li>
  <!-- Non-Functional Prosthetics -->
  <li>stormshark.nfprosthetics</li>
  <!-- WM Hydroponics with lamps -->
  <li>Wishmaster.HydroponicsWithLamps</li>
  <!-- More Lamps -->
  <li>More.Lamps</li>
  <!-- Empire - Additional Buildings -->
  <li>VHolmes.Empire.EAB</li>
  <!-- Enhanced Vanilla Gun Sounds -->
  <li>Arekan.EnhancedVanillaGunSounds</li>
  <!-- Translucent Glasses (VAE) -->
  <li>Crudbone.TranslucentGlasses</li>
  <!-- Mokan Hair -->
  <li>amaji.mokan.hair</li>
  <!-- Wall Sun Lamp -->
  <li>neceros.wallsunlamp</li>
  <!-- Where's the gravel? - Grayscale Edition -->
  <li>faeldray.gravelgray</li>
  <!-- Lasting Flowers -->
  <li>neceros.lastingflowers</li>
  <!-- Insulation - Vanilla Textures -->
  <li>codyspring.InsulationVanillaTextures</li>
  <!-- Palisades -->
  <li>n7huntsman.palisades</li>
  <!-- Never Auto-reset Mods -->
  <li>OkraDonkey.NeverAutoResetMods</li>
  <!-- Commercial Server 1.1 -->
  <li>seabass.commercialserver11</li>
  <!-- Opened Doors Don't Block Light -->
  <li>mlph.OpenedDoorsDontBlockLight</li>
  <!-- Timelapse 2000 -->
  <li>co.uk.epicguru.timelapse2000</li>
  <!-- Soil Relocation - Composter Addon (VEF Version) -->
  <li>Wolf478.WolfsCompostAddon.VEFVersion</li>
  <!-- Polyamory Gloomy Bed -->
  <li>hutgoose.polyamorygloomybed</li>
  <!-- VFE: Mechanoids - Quarry Compatability Patch -->
  <li>Silver.VFEMQuarryPatch</li>
  <!-- Optimized Leather -->
  <li>trublucaribou.OptimizedLeather</li>
  <!-- Autoinjectors -->
  <li>BFAnri.Autoinjectors</li>
  <!-- Xen's XP Fixer -->
  <li>Xen.XPFixer</li>
  <!-- Better Mood Descriptions -->
  <li>carlarc.BetterMoodDescriptions</li>
  <!-- unofficial patch - Elite Bionic Framework + Archotech Expanded Prosthetics -->
  <li>Blake.EliteBionicFrameworkArchotechExpandedProsthetics</li>
</ModIdsToFix>
