﻿<?xml version="1.0" encoding="utf-8"?>
<ModMetaData>
  <name>No Version Warning</name>
  <packageId>Mlie.NoVersionWarning</packageId>
  <author>Mlie</author>
  <url>https://github.com/emipa606/NoVersionWarning</url>
  <supportedVersions>
    <li>1.3</li>
    <li>1.4</li>
    <li>1.5</li>
    <li>1.6</li>
  </supportedVersions>
  <modDependencies>
    <li>
      <packageId>brrainz.harmony</packageId>
      <displayName>Harmony</displayName>
      <steamWorkshopUrl>steam://url/CommunityFilePage/2009463077</steamWorkshopUrl>
      <downloadUrl>https://github.com/pardeike/HarmonyRimWorld/releases/latest</downloadUrl>
    </li>
  </modDependencies>
  <loadAfter>
    <li>brrainz.harmony</li>
  </loadAfter>
  <description>[img]https://i.imgur.com/iCj5o7O.png[/img]

I get a lot of requests to update mods and some of them have no issues except that they are marked in the mod-list as incompatible with the current Rimworld version.
Instead of me republishing these mods with the only change being that the latest game-version tag is added I made this mod instead.
This mod adds the required tag to mods that have been reported working with the current version of the game.
Can be put anywhere in the mod-list as it just modifies the mod-list loader.

[b]This does not affect external mod-managers like RimPy unless they add support for it on their end. [/b]

If you know of a mod that should be added here, leave a link to it and Ill add it. 

[h2][url=https://github.com/emipa606/NoVersionWarning/blob/main/MODS.md]Currently supported mods[/url][/h2]

[table]
    [tr]
        [td][url=https://discord.gg/h5TY6DA][img]https://i.imgur.com/zdzzBrc.png[/img][/url][/td]
        [td][url=https://github.com/emipa606/NoVersionWarning][img]https://i.imgur.com/kTkpTOE.png[/img][/url][/td]
    [/tr]
    [tr]
        [td][img]https://i.imgur.com/WjDSfUn.png[/img][/td]
        [td][img]https://i.imgur.com/h5VwTNL.png[/img][/td]
    [/tr]
[/table]
	
[img]https://i.imgur.com/Ds0rBAD.png[/img]
Since modding is just a hobby for me I expect no donations to keep modding. If you still want to show your support you can gift me anything from my [url=https://store.steampowered.com/wishlist/id/Mlie]Wishlist[/url] or buy me a cup of tea.

[url=https://ko-fi.com/G2G55DDYD][img]https://i.imgur.com/VWG0yff.png[/img][/url]

[img]https://i.imgur.com/5xwDG6H.png[/img]
[list]
[*] See if the the error persists if you just have this mod and its requirements active.
[*] If not, try adding your other mods until it happens again.
[*] Post your error-log using the [url=https://steamcommunity.com/sharedfiles/filedetails/?id=2873415404]Log Uploader[/url] or the standalone [url=https://steamcommunity.com/sharedfiles/filedetails/?id=2873415404]Uploader[/url] and command Ctrl+F12
[*] For best support, please use the Discord-channel for error-reporting.
[*] Do not report errors by making a discussion-thread, I get no notification of that.
[*] If you have the solution for a problem, please post it to the GitHub repository.
[*] Use [url=https://github.com/RimSort/RimSort/releases/latest]RimSort[/url] to sort your mods
[/list] 

[url=https://steamcommunity.com/sharedfiles/filedetails/changelog/2599504692][img]https://img.shields.io/github/v/release/emipa606/NoVersionWarning?label=latest%20version&amp;style=plastic&amp;labelColor=0070cd&amp;color=white[/img][/url] | tags:  compatible mods, compatibility</description>
  <modVersion IgnoreIfNoMatchingField="True">1.6.9</modVersion>
</ModMetaData>